timeOpen,timeClose,timeHigh,timeLow,priceOpen,priceHigh,priceLow,priceClose,volume
1753531200000,1753617599999,1753589280000,1753534320000,"0,006715796828","0,006865782367","0,006714274853","0,006842611523",0
1753444800000,1753531199999,1753499400000,1753451940000,"0,006643911641","0,006718620251","0,006642475657","0,006715796828",0
1753358400000,1753444799999,1753358880000,1753415760000,"0,006750933166","0,006752793583","0,006642331031","0,006643911641",0
1753272000000,1753358399999,1753312560000,1753350120000,"0,007042174606","0,007053935013","0,006749428149","0,006750933166",0
1753185600000,1753271999999,1753253520000,1753265040000,"0,007057862602","0,007093906453","0,006988306188","0,007042174606","130,07"
1753099200000,1753185599999,1753173360000,1753103280000,"0,006753108718","0,007059193046","0,00675296629","0,007057862602",0
1753012800000,1753099199999,1753097940000,1753013700000,"0,006659908489","0,006755684905","0,006658783123","0,006753108718",0
1752926400000,1753012799999,1752942540000,1753007820000,"0,006818095522","0,006824116377","0,00665774405","0,006659908489",0
1752840000000,1752926399999,1752922500000,1752840000000,"0,006351809646","0,006819999535","0,006351809646","0,006818095522",0
1752753600000,1752839999999,1752839400000,1752754080000,"0,005903335753","0,006352060608","0,005903335753","0,006351809646",0
1752667200000,1752753599999,1752753180000,1752667320000,"0,005658926889","0,005903341255","0,005658518785","0,005903335753","9,31"
1752580800000,1752667199999,1752593100000,1752640980000,"0,005663468338","0,005663622268","0,005515908071","0,005658926889",0
1752494400000,1752580799999,1752553500000,1752495420000,"0,005335004841","0,005670554007","0,005334797121","0,005663468338",0
1752408000000,1752494399999,1752466200000,1752412320000,"0,005067215154","0,005511508171","0,00506686214","0,005335004841",0
1752321600000,1752407999999,1752388080000,1752378900000,"0,005075943199","0,005459808555","0,005007241148","0,005067215154",0
1752235200000,1752321599999,1752304740000,1752269280000,"0,004444102129","0,005076550889","0,004440967217","0,005075943199",0
1752148800000,1752235199999,1752227940000,1752176040000,"0,004314857928","0,004445832377","0,004314567781","0,004444102129",0
1752062400000,1752148799999,1752131160000,1752062400000,"0,003878755714","0,004422561584","0,003878755714","0,004314857928",0
1751976000000,1752062399999,1752029820000,1751985960000,"0,003879557272","0,003883371106","0,003876899908","0,003878755714",0
1751889600000,1751975999999,1751948700000,1751915700000,"0,003879579321","0,003882101618","0,003877184454","0,003879557272",0
1751803200000,1751889599999,1751806740000,1751885160000,"0,00389981083","0,003900489812","0,003879331703","0,003879579321",0
1751716800000,1751803199999,1751798040000,1751762040000,"0,00389172109","0,003900232317","0,003878821404","0,00389981083",0
1751630400000,1751716799999,1751696940000,1751664300000,"0,003918734688","0,003953352072","0,003885137135","0,00389172109",0
1751544000000,1751630399999,1751551260000,1751620080000,"0,004038100987","0,004038781573","0,003918198624","0,003918734688",0
1751457600000,1751543999999,1751536680000,1751522340000,"0,003929326067","0,004039211748","0,003891950217","0,004038100987",0
1751371200000,1751457599999,1751427180000,1751397720000,"0,00388307934","0,003929898657","0,003878680332","0,003929326067",0
1751284800000,1751371199999,1751317440000,1751325600000,"0,003990189136","0,004030821283","0,003881460916","0,00388307934",0
1751198400000,1751284799999,1751231760000,1751284560000,"0,004026210349","0,004037463865","0,003989164016","0,003990189136",0
1751112000000,1751198399999,1751112600000,1751173560000,"0,004073559368","0,00407366286","0,003931308489","0,004026210349",0
1751025600000,1751111999999,1751084760000,1751026200000,"0,003882767167","0,004075491593","0,003882077694","0,004073559368",0
1750939200000,1751025599999,1750995840000,1750947540000,"0,003805210011","0,00388374075","0,003803364454","0,003882767167",0
1750852800000,1750939199999,1750937520000,1750853100000,"0,003749884641","0,003805345101","0,003749786021","0,003805210011",0
1750766400000,1750852799999,1750851780000,1750771440000,"0,003718094872","0,003750216897","0,003716164293","0,003749884641",0
1750680000000,1750766399999,1750760700000,1750682400000,"0,003710744915","0,003718951665","0,003709746769","0,003718094872",0
1750593600000,1750679999999,1750602000000,1750660140000,"0,003881109886","0,003882291005","0,003709823264","0,003710744915",0
1750507200000,1750593599999,1750537620000,1750587360000,"0,003887611231","0,003888274524","0,003879734166","0,003881109886",0
1750420800000,1750507199999,1750474200000,1750426800000,"0,003880593666","0,003889080537","0,003879647632","0,003887611231",0
1750334400000,1750420799999,1750403760000,1750410060000,"0,003965080147","0,003969754084","0,003880332649","0,003880593666",0
1750248000000,1750334399999,1750325640000,1750292820000,"0,003880612177","0,003965187454","0,003879752816","0,003965080147",0
1750161600000,1750247999999,1750162680000,1750245720000,"0,004166557267","0,004167218098","0,003880237864","0,003880612177",0
1750075200000,1750161599999,1750147080000,1750085940000,"0,003929517277","0,004185613321","0,003907560907","0,004166557267",0
1749988800000,1750075199999,1749990840000,1750064040000,"0,004002410677","0,004003280002","0,00391721981","0,003929517277",0
1749902400000,1749988799999,1749987780000,1749984840000,"0,003909348029","0,004002790366","0,003886152206","0,004002410677","430,31"
1749816000000,1749902399999,1749822420000,1749837360000,"0,004080768495","0,004084007874","0,003879400135","0,003909348029",0
1749729600000,1749815999999,1749794700000,1749811560000,"0,004084344964","0,004084918876","0,004080103735","0,004080768495",0
1749643200000,1749729599999,1749647340000,1749682260000,"0,004123195176","0,004123619491","0,004080368383","0,004084344964",0
1749556800000,1749643199999,1749595200000,1749557220000,"0,003935362313","0,0041240961","0,003935362313","0,004123195176",0
1749470400000,1749556799999,1749556320000,1749474180000,"0,003896305469","0,003935717077","0,003894748119","0,003935362313",0
1749384000000,1749470399999,1749469200000,1749385680000,"0,00386572084","0,003897076796","0,003864760188","0,003896305469",0
1749297600000,1749383999999,1749375120000,1749298980000,"0,003751823044","0,003868582192","0,003751346137","0,00386572084",0
1749211200000,1749297599999,1749211200000,1749270300000,"0,004007793285","0,004007793285","0,003748878685","0,003751823044",0
1749124800000,1749211199999,1749145320000,1749201420000,"0,004084558531","0,004085268303","0,004002918932","0,004007793285",0
1749038400000,1749124799999,1749123540000,1749059580000,"0,00403609135","0,004085370606","0,003981316854","0,004084558531",0
1748952000000,1749038399999,1749004440000,1749031920000,"0,004341772726","0,004488974447","0,004035895907","0,00403609135",0
1748865600000,1748951999999,1748936100000,1748913060000,"0,004335194528","0,004342286105","0,004239626555","0,004341772726",0
1748779200000,1748865599999,1748810580000,1748859060000,"0,004638723358","0,004667749602","0,004260517765","0,004335194528",0
1748692800000,1748779199999,1748777460000,1748692800000,"0,004580777494","0,00463879151","0,004580777494","0,004638723358",0
1748606400000,1748692799999,1748692560000,1748634540000,"0,004570976123","0,004581470308","0,004570246225","0,004580777494",0
1748520000000,1748606399999,1748599740000,1748603640000,"0,004609184804","0,004628354413","0,004570935979","0,004570976123",0
1748433600000,1748519999999,1748459760000,1748476500000,"0,004805660775","0,004806166564","0,004607768006","0,004609184804",0
1748347200000,1748433599999,1748411700000,1748382360000,"0,004626136647","0,004824695716","0,004529521301","0,004805660775","217,35"
1748260800000,1748347199999,1748313240000,1748336760000,"0,004592368433","0,004628389787","0,004579216312","0,004626136647",0
1748174400000,1748260799999,1748260500000,1748185800000,"0,004562621056","0,004595019181","0,00456223446","0,004592368433",0
1748088000000,1748174399999,1748089560000,1748171640000,"0,004804790365","0,004805602425","0,004562284054","0,004562621056",0
1748001600000,1748087999999,1748048700000,1748078280000,"0,005077291996","0,005117091433","0,004804279112","0,004804790365",0
1747915200000,1748001599999,1747986000000,1747915380000,"0,005033247252","0,005205295729","0,005033247252","0,005077291996",0
1747828800000,1747915199999,1747831440000,1747831080000,"0,004991498351","0,005078432781","0,004991078166","0,005033247252",0
1747742400000,1747828799999,1747828740000,1747758360000,"0,004942039248","0,004991498351","0,004939183523","0,004991498351",0
1747656000000,1747742399999,1747667880000,1747717800000,"0,005295376648","0,005304346142","0,004940726449","0,004942039248",0
1747569600000,1747655999999,1747654020000,1747570140000,"0,00524883842","0,005297215474","0,005247783721","0,005295376648",0
1747483200000,1747569599999,1747483440000,1747494360000,"0,005411905571","0,005412621337","0,005149255371","0,00524883842",0
1747396800000,1747483199999,1747401180000,1747407300000,"0,005517610409","0,005521294792","0,005283614293","0,005411905571",0
1747310400000,1747396799999,1747395000000,1747310460000,"0,005443428652","0,005521125662","0,005443428652","0,005517610409",0
1747224000000,1747310399999,1747307100000,1747228380000,"0,005426937502","0,00544594287","0,00542642116","0,005443428652",0
1747137600000,1747223999999,1747137960000,1747157880000,"0,005472821625","0,005472821625","0,005050613156","0,005426937502",0
1747051200000,1747137599999,1747137420000,1747059600000,"0,005439952854","0,005472821625","0,005439403947","0,005472821625",0
1746964800000,1747051199999,1747047360000,1746965220000,"0,005320603332","0,005441507803","0,005319492011","0,005439952854",0
1746878400000,1746964799999,1746962280000,1746878820000,"0,005025296475","0,005321281441","0,005025296475","0,005320603332",0
1746792000000,1746878399999,1746858300000,1746792180000,"0,00468732191","0,005031060051","0,004687107859","0,005025296475","830,49"
1746705600000,1746791999999,1746787860000,1746717120000,"0,003712929766","0,004687569536","0,003712571103","0,00468732191",0
1746619200000,1746705599999,1746681360000,1746705240000,"0,004069987847","0,004101300983","0,003712795513","0,003712929766",0
1746532800000,1746619199999,1746533820000,1746607740000,"0,00408188284","0,004082356199","0,004067842329","0,004069987847",0
1746446400000,1746532799999,1746446820000,1746531240000,"0,004521146643","0,004521164074","0,004073753232","0,00408188284","967,39"
1746360000000,1746446399999,1746407820000,1746437100000,"0,00463528591","0,004651492608","0,004520391507","0,004521146643",0
1746273600000,1746359999999,1746304620000,1746339840000,"0,004819760017","0,004820140417","0,004581263895","0,00463528591",0
1746187200000,1746273599999,1746189780000,1746273540000,"0,005258950295","0,00526385723","0,004819760017","0,004819760017","1110,58"
1746100800000,1746187199999,1746187080000,1746112500000,"0,005203260457","0,005258950295","0,005203170673","0,005258950295","0,44"
1746014400000,1746100799999,1746027060000,1746097140000,"0,005651363402","0,005696527618","0,005203144658","0,005203260457",0
1745928000000,1746014399999,1745979240000,1746012840000,"0,005730753081","0,0059499658","0,005651191336","0,005651363402","1008,92"
1745841600000,1745927999999,1745872980000,1745924940000,"0,006522558192","0,006549262389","0,005730296959","0,005730753081",0
1745755200000,1745841599999,1745802480000,1745777340000,"0,005894951028","0,00654987879","0,005894734231","0,006522558192",0
1745668800000,1745755199999,1745751840000,1745721960000,"0,00584238043","0,005960909838","0,005604879707","0,005894951028","1670,34"
1745582400000,1745668799999,1745664960000,1745583840000,"0,005727525932","0,005842511325","0,005727021836","0,00584238043",0
1745496000000,1745582399999,1745510820000,1745579520000,"0,006247583954","0,006247798131","0,005727195417","0,005727525932",0
1745409600000,1745495999999,1745466180000,1745416080000,"0,00599494414","0,006389952862","0,005994309508","0,006247583954",0
1745323200000,1745409599999,1745373120000,1745369100000,"0,006055473513","0,006128120254","0,00593774786","0,00599494414",0
1745236800000,1745323199999,1745299440000,1745244180000,"0,00609253566","0,006431885312","0,006011117023","0,006055473513",0
1745064000000,1745150399999,1745146620000,1745112000000,"0,00657650273","0,00742116114","0,006566810784","0,007416109692",0
1744977600000,1745063999999,1745030460000,1745063160000,"0,006913073378","0,00763350283","0,006574285316","0,00657650273",0
1744891200000,1744977599999,1744943280000,1744945080000,"0,007076819697","0,007128452036","0,006840245637","0,006913073378",0
1744804800000,1744891199999,1744829880000,1744875060000,"0,007720018711","0,007720219832","0,007011102329","0,007076819697",0
1744718400000,1744804799999,1744755540000,1744801140000,"0,008090003691","0,00815468555","0,007719767598","0,007720018711",0
1744632000000,1744718399999,1744717140000,1744688520000,"0,008063957899","0,00809131968","0,008061085768","0,008090003691",0
1744545600000,1744631999999,1744552380000,1744612140000,"0,00812880921","0,008131384131","0,007796441204","0,008063957899",0
1744459200000,1744545599999,1744538100000,1744462740000,"0,007782300713","0,008130791355","0,007779005483","0,00812880921",0
1744372800000,1744459199999,1744456560000,1744425420000,"0,007713252318","0,007783581463","0,007582572846","0,007782300713",0
1744286400000,1744372799999,1744333980000,1744372740000,"0,008221480156","0,008225510752","0,007713252318","0,007713252318",0
1744200000000,1744286399999,1744281780000,1744248060000,"0,007712161607","0,00822267745","0,007430496245","0,008221480156",0
1744113600000,1744199999999,1744199700000,1744120200000,"0,007495659876","0,007713322138","0,007494814145","0,007712161607",0
1744027200000,1744113599999,1744066440000,1744072680000,"0,00883550997","0,008842071858","0,007480003186","0,007495659876",0
1743940800000,1744027199999,1743955980000,1743994500000,"0,008915899199","0,008954547894","0,008825532312","0,00883550997",0
1743854400000,1743940799999,1743940560000,1743912840000,"0,008874109377","0,008915899199","0,008872913366","0,008915899199",0
1743768000000,1743854399999,1743803340000,1743771120000,"0,008711424456","0,009261182927","0,008710704811","0,008874109377",0
1743681600000,1743767999999,1743681600000,1743756960000,"0,008769462135","0,008769462135","0,008699919411","0,008711424456",0
1743595200000,1743681599999,1743669660000,1743681120000,"0,008975756033","0,009131604624","0,008768953979","0,008769462135","72,77"
1743508800000,1743595199999,1743595140000,1743512340000,"0,008872502184","0,008975756033","0,008869563545","0,008975756033",0
1743422400000,1743508799999,1743422760000,1743481380000,"0,008883035102","0,008889600537","0,008830749482","0,008872502184",0
1743336000000,1743422399999,1743373380000,1743414240000,"0,009201367706","0,009229431474","0,008878464209","0,008883035102",0
1743249600000,1743335999999,1743249840000,1743335580000,"0,009893273791","0,009899306753","0,009201072071","0,009201367706",0
1743163200000,1743249599999,1743247320000,1743195780000,"0,009835302301","0,00989647623","0,00983095563","0,009893273791",0
1743076800000,1743163199999,1743110520000,1743127020000,"0,01003109794","0,01003799038","0,009830575034","0,009835302301",0
1742990400000,1743076799999,1743012540000,1743060000000,"0,010130076","0,01016724535","0,01002548114","0,01003109794",0
1742904000000,1742990399999,1742984340000,1742904060000,"0,009669228625","0,01013085329","0,009669228625","0,010130076",0
1742817600000,1742903999999,1742900760000,1742835780000,"0,009644834472","0,009675102893","0,00964415677","0,009669228625",0
1742731200000,1742817599999,1742812080000,1742780940000,"0,009461671217","0,009645976473","0,009459529299","0,009644834472",0
1742644800000,1742731199999,1742686920000,1742703540000,"0,009719424635","0,009761909665","0,009461133973","0,009461671217",0
1742558400000,1742644799999,1742560500000,1742639760000,"0,009862722161","0,009873018064","0,009714026802","0,009719424635",0
1742472000000,1742558399999,1742558280000,1742472780000,"0,009425498078","0,009862722161","0,00942381366","0,009862722161",0
1742385600000,1742471999999,1742471940000,1742391360000,"0,00921053318","0,009425498078","0,009208644018","0,009425498078",0
1742299200000,1742385599999,1742348220000,1742309700000,"0,00917895136","0,009221191943","0,009174480793","0,00921053318",0
1742212800000,1742299199999,1742222940000,1742278320000,"0,009356049154","0,009361270608","0,009171377765","0,00917895136",0
1742126400000,1742212799999,1742131020000,1742138220000,"0,009456090717","0,009456476836","0,009304946117","0,009356049154",0
1742040000000,1742126399999,1742114100000,1742050080000,"0,008817808804","0,00991538367","0,008815228674","0,009456090717",0
1741953600000,1742039999999,1741960080000,1741980300000,"0,009468531239","0,009478036295","0,008510245505","0,008817808804",0
1741867200000,1741953599999,1741952340000,1741867260000,"0,009352282626","0,009469047854","0,009352282626","0,009468531239",0
1741780800000,1741867199999,1741865760000,1741781640000,"0,009252830308","0,009354327414","0,009248865846","0,009352282626",0
1741694400000,1741780799999,1741780740000,1741697880000,"0,009137942111","0,009252830308","0,009132648514","0,009252830308",0
1741608000000,1741694399999,1741608120000,1741670880000,"0,009401142737","0,009401142737","0,009115436462","0,009137942111",0
1741521600000,1741607999999,1741584120000,1741607580000,"0,009814644795","0,009919162897","0,009401028104","0,009401142737",0
1741435200000,1741521599999,1741521180000,1741462500000,"0,009781366097","0,00981627422","0,009777939196","0,009814644795",0
1741348800000,1741435199999,1741353540000,1741425420000,"0,01001195219","0,01001977372","0,009776114438","0,009781366097",0
1741262400000,1741348799999,1741343460000,1741314060000,"0,00997235727","0,01001399336","0,009969012444","0,01001195219",0
1741176000000,1741262399999,1741215120000,1741183800000,"0,009829429396","0,01020378593","0,009825978869","0,00997235727",0
1741089600000,1741175999999,1741159620000,1741175520000,"0,01149614835","0,01164645436","0,009829294523","0,009829429396",0
1741003200000,1741089599999,1741089120000,1741071060000,"0,01143794715","0,01149870766","0,01143085865","0,01149614835",0
1740916800000,1741003199999,1740993900000,1740978420000,"0,01018208349","0,01144676375","0,0101781282","0,01143794715","131,01"
1740830400000,1740916799999,1740850440000,1740907680000,"0,01016390065","0,01042580329","0,01009467514","0,01018208349","42,1"
1740744000000,1740830399999,1740796020000,1740808260000,"0,01083454679","0,01085618433","0,009963948271","0,01016390065","201,54"
1740657600000,1740743999999,1740662580000,1740722340000,"0,01125250812","0,01127114813","0,01082446133","0,01083454679","62,52"
1740571200000,1740657599999,1740571980000,1740645180000,"0,01199717021","0,01200123899","0,0112487789","0,01125250812","50,37"
1740484800000,1740571199999,1740484860000,1740511140000,"0,01199760148","0,01199925346","0,01197109274","0,01199717021",0
1740398400000,1740484799999,1740402900000,1740484620000,"0,01347559537","0,01347667849","0,01199760148","0,01199760148","141,63"
1740312000000,1740398399999,1740339960000,1740388860000,"0,01364835808","0,01378688286","0,01346163435","0,01347559537","115,1"
1740225600000,1740311999999,1740249300000,1740258300000,"0,01376122816","0,0137814938","0,01357740067","0,01364835808","47,18"
1740139200000,1740225599999,1740221820000,1740161220000,"0,01369778953","0,01394482578","0,01369053817","0,01376122816","10,07"
1740052800000,1740139199999,1740126720000,1740084420000,"0,01372385106","0,01384779846","0,01362238228","0,01369778953","27,34"
1739966400000,1740052799999,1740033240000,1739970600000,"0,01293376489","0,01376024788","0,01292558545","0,01372385106","43,33"
1739880000000,1739966399999,1739883900000,1739950860000,"0,01401508041","0,01402157229","0,01283235588","0,01293376489","312,79"
1739793600000,1739879999999,1739879820000,1739795100000,"0,01379490219","0,01401508041","0,0137941211","0,01401508041",0
1739707200000,1739793599999,1739709120000,1739755620000,"0,01387343592","0,01387936331","0,01379285454","0,01379490219","7,94"
1739620800000,1739707199999,1739706900000,1739621100000,"0,01381129046","0,01387492777","0,01381129046","0,01387343592",0
1739534400000,1739620799999,1739609880000,1739539560000,"0,01315335633","0,01381690792","0,01315049393","0,01381129046","6,87"
1739448000000,1739534399999,1739502240000,1739508360000,"0,0135497936","0,01359401179","0,01303897337","0,01315335633","121,32"
1739361600000,1739447999999,1739393880000,1739431440000,"0,01374175478","0,01391466783","0,01353622626","0,0135497936","36,67"
1739275200000,1739361599999,1739303340000,1739358720000,"0,01386008196","0,01391590824","0,01373789509","0,01374175478","19,81"
1739188800000,1739275199999,1739275140000,1739189340000,"0,01365512861","0,01386008196","0,01365158726","0,01386008196",0
1739102400000,1739188799999,1739184900000,1739181240000,"0,01320384021","0,01376786791","0,01312384995","0,01365512861","20,2"
1739016000000,1739102399999,1739093820000,1739097240000,"0,01380916806","0,01397086866","0,01319724654","0,01320384021","110,23"
1738929600000,1739015999999,1738989540000,1738935420000,"0,01339310986","0,01399169207","0,01338876125","0,01380916806","16,24"
1738843200000,1738929599999,1738881420000,1738903080000,"0,01336636231","0,01351637939","0,01305059739","0,01339310986","95,76"
1738756800000,1738843199999,1738841100000,1738825680000,"0,01304172693","0,01337014903","0,01255316644","0,01336636231","122,99"
1738670400000,1738756799999,1738742100000,1738756140000,"0,01386234616","0,01399003941","0,0130410693","0,01304172693","5519,62"
1738584000000,1738670399999,1738586400000,1738621440000,"0,01473608904","0,01473697109","0,01289351049","0,01386234616","377,05"
1738497600000,1738583999999,1738501080000,1738580280000,"0,0175262361","0,01752921942","0,01473598362","0,01473608904","2609,77"
1738411200000,1738497599999,1738479300000,1738496220000,"0,01775643376","0,01812599927","0,01751859158","0,0175262361","47,75"
1738324800000,1738411199999,1738410600000,1738324860000,"0,01731434499","0,01775666279","0,01731434499","0,01775643376","11,51"
1738238400000,1738324799999,1738324380000,1738277700000,"0,01728834789","0,01731576224","0,01728644551","0,01731434499",0
1738152000000,1738238399999,1738187100000,1738238280000,"0,01759029933","0,01795836623","0,01728834789","0,01728834789","1238,44"
1738065600000,1738151999999,1738079520000,1738151880000,"0,01875272397","0,01875764798","0,01759029933","0,01759029933","34,64"
1737979200000,1738065599999,1737994200000,1738051260000,"0,01877246448","0,01877494696","0,01871903887","0,01875272397",0
1737892800000,1737979199999,1737960900000,1737948600000,"0,01887649829","0,01888688661","0,0187231285","0,01877246448","456,34"
1737806400000,1737892799999,1737810060000,1737829860000,"0,01923124383","0,01923378879","0,01866336512","0,01887649829","216,51"
1737720000000,1737806399999,1737803520000,1737743340000,"0,01768805839","0,01923269752","0,0176851338","0,01923124383","1234,2"
1737633600000,1737719999999,1737651000000,1737719700000,"0,01812497876","0,01812847428","0,01768782856","0,01768805839","287,6"
1737547200000,1737633599999,1737631740000,1737618660000,"0,01705014266","0,01812539736","0,0170499406","0,01812497876","147,2"
1737460800000,1737547199999,1737543960000,1737476820000,"0,01557737423","0,01705039869","0,01556510239","0,01705014266","5125,53"
1737374400000,1737460799999,1737390420000,1737458940000,"0,01622706329","0,0162278232","0,0155752236","0,01557737423","132,91"
1737288000000,1737374399999,1737369420000,1737288120000,"0,01580946741","0,01622828048","0,01580946741","0,01622706329","2654,06"
1737201600000,1737287999999,1737284280000,1737212820000,"0,01577052287","0,01581405636","0,01575951549","0,01580946741",0
1737115200000,1737201599999,1737197700000,1737115440000,"0,01518436997","0,01577826825","0,01518436997","0,01577052287","35,27"
1737028800000,1737115199999,1737112560000,1737028920000,"0,01505616825","0,01519073001","0,01505548178","0,01518436997",0
1736942400000,1737028799999,1737028740000,1736950920000,"0,01493615794","0,01505616825","0,01493148193","0,01505616825",0
1736856000000,1736942399999,1736861520000,1736885940000,"0,01508399266","0,01509267636","0,01493572729","0,01493615794","2199,98"
1736769600000,1736855999999,1736788200000,1736855880000,"0,01613102126","0,01620564193","0,01508399266","0,01508399266","128,62"
1736683200000,1736769599999,1736693340000,1736768760000,"0,0170212962","0,01703454127","0,01613006926","0,01613102126","971,5"
1736596800000,1736683199999,1736679300000,1736597760000,"0,01683444886","0,01702797298","0,01682020105","0,0170212962",0
1736510400000,1736596799999,1736596740000,1736513220000,"0,01662630053","0,01683444886","0,01661749907","0,01683444886",0
1736424000000,1736510399999,1736510040000,1736432460000,"0,0165059895","0,01662939527","0,01650525752","0,01662630053",0
1736337600000,1736423999999,1736376540000,1736415540000,"0,01825887379","0,01839794019","0,01649618992","0,0165059895","30,25"
1736251200000,1736337599999,1736336040000,1736251320000,"0,0180719206","0,01826001038","0,0180719206","0,01825887379",0
1736164800000,1736251199999,1736250660000,1736187180000,"0,01803716195","0,01807339387","0,01803559873","0,0180719206",0
1736078400000,1736164799999,1736145360000,1736161620000,"0,01822574895","0,01843439983","0,0180370623","0,01803716195","1041,75"
1735992000000,1736078399999,1736059920000,1735996740000,"0,01820200903","0,01823566661","0,01820057532","0,01822574895","94,58"
1735905600000,1735991999999,1735980180000,1735939320000,"0,01800637915","0,01820277231","0,01787469992","0,01820200903","1215,54"
1735819200000,1735905599999,1735905300000,1735827540000,"0,017584026","0,0180087861","0,01758291037","0,01800637915","13,52"
1735732800000,1735819199999,1735747800000,1735733580000,"0,01753004074","0,01773242754","0,01752403314","0,017584026","270,49"
1735646400000,1735732799999,1735649580000,1735717860000,"0,01789769756","0,01789888141","0,0175220454","0,01753004074","89,65"
1735560000000,1735646399999,1735624380000,1735565040000,"0,01776285784","0,01790123847","0,01775206571","0,01789769756","135,16"
1735473600000,1735559999999,1735541760000,1735502100000,"0,01752855077","0,01777507883","0,01751186743","0,01776285784","27,92"
1735387200000,1735473599999,1735472340000,1735387500000,"0,01742599034","0,01753339303","0,01742599034","0,01752855077","14,76"
1735214400000,1735300799999,1735258740000,1735300440000,"0,01844230029","0,01845701226","0,01727916725","0,01727931364","890,39"
1735128000000,1735214399999,1735181040000,1735128240000,"0,01800798064","0,01874613471","0,01799697954","0,01844230029","697,19"
1735041600000,1735127999999,1735127880000,1735052640000,"0,01782389225","0,01800798064","0,01782059001","0,01800798064","0,7"
1734955200000,1735041599999,1735040340000,1734964800000,"0,01760883732","0,01782695232","0,01760533473","0,01782389225",0
1734868800000,1734955199999,1734925920000,1734876720000,"0,01703346069","0,01761175449","0,01697297086","0,01760883732","947,84"
1734782400000,1734868799999,1734804960000,1734868500000,"0,01811158472","0,01818469862","0,01703059259","0,01703346069","86,99"
1734696000000,1734782399999,1734781500000,1734764160000,"0,0180651968","0,01811434832","0,01806228972","0,01811158472",0
1734609600000,1734695999999,1734643320000,1734691560000,"0,01874304633","0,01876449011","0,01806440746","0,0180651968","3007,83"
1734523200000,1734609599999,1734525720000,1734595980000,"0,01875324561","0,01876138566","0,01873381184","0,01874304633",0
1734436800000,1734523199999,1734441660000,1734466020000,"0,01876219905","0,01876399053","0,01873639601","0,01875324561",0
1734350400000,1734436799999,1734419400000,1734355140000,"0,01874781709","0,01876936661","0,01873887461","0,01876219905",0
1734264000000,1734350399999,1734291780000,1734344400000,"0,0187537908","0,01875977908","0,01874533784","0,01874781709",0
1734177600000,1734263999999,1734180360000,1734195120000,"0,01876002341","0,01876257518","0,01875034452","0,0187537908",0
1734091200000,1734177599999,1734115860000,1734162780000,"0,01875453163","0,01876764606","0,01875113265","0,01876318007",0
1734004800000,1734091199999,1734016320000,1734068760000,"0,01876717519","0,01877243838","0,01872798464","0,01875453163",0
1733918400000,1734004799999,1733962380000,1733974980000,"0,01876915287","0,01877667152","0,01875048103","0,01876717519",0
1733832000000,1733918399999,1733845800000,1733851800000,"0,01876976784","0,01878089761","0,01875656206","0,01876915287",0
1733745600000,1733831999999,1733759700000,1733817120000,"0,01877540818","0,01877780257","0,01874644533","0,01876976784",0
1733659200000,1733745599999,1733669880000,1733730360000,"0,01877619026","0,01878083554","0,01876699753","0,0187752605",0
1733572800000,1733659199999,1733573580000,1733657820000,"0,01944505175","0,01944690882","0,01877451025","0,01877948784",0
1733486400000,1733572799999,1733487660000,1733552160000,"0,02001990183","0,0200243028","0,01943734124","0,01944505175","208,07"
1733400000000,1733486399999,1733481660000,1733414280000,"0,01879243946","0,02003330344","0,01877130346","0,02002729014","652,77"
1733313600000,1733399999999,1733384220000,1733318640000,"0,01857127873","0,01879743455","0,0185662591","0,01879243946","219,47"
1733227200000,1733313599999,1733242920000,1733278020000,"0,01970297943","0,01974375118","0,0185624594","0,01857127873","331,06"
1733140800000,1733227199999,1733226480000,1733224620000,"0,01970356206","0,01970723628","0,01970133906","0,01970297943",0
1733054400000,1733140799999,1733136000000,1733129940000,"0,02037850844","0,02038833286","0,02037505436","0,02038790914",0
1732968000000,1733054399999,1733053560000,1732968060000,"0,01853318475","0,02038027665","0,01853318475","0,02037850844","609,42"
1732881600000,1732967999999,1732962300000,1732881840000,"0,0183389975","0,01854626071","0,0183389975","0,01853318475",0
1732795200000,1732881599999,1732880940000,1732795260000,"0,01811837913","0,01833930174","0,01811837913","0,0183389975",0
1732708800000,1732795199999,1732708800000,1732792920000,"0,01867058965","0,01867058965","0,01810746619","0,01811837913",0
1732622400000,1732708799999,1732705740000,1732652880000,"0,01853094668","0,01870282832","0,01852129754","0,01867058965","9,62"
1732536000000,1732622399999,1732567200000,1732590480000,"0,01860573698","0,01860818028","0,01852357453","0,01853094668","100,81"
1732449600000,1732535999999,1732482600000,1732493280000,"0,01865660656","0,01899451747","0,0186033551","0,01860573698","789,66"
1732363200000,1732449599999,1732399080000,1732408500000,"0,01887747913","0,01899239694","0,01743372314","0,01865660656","1286,71"
1732276800000,1732363199999,1732314720000,1732284420000,"0,01735061188","0,01908116172","0,01734400531","0,01887747913","2736,2"
1732190400000,1732276799999,1732270680000,1732190400000,"0,01717401354","0,0173543859","0,01717401354","0,01735061188",0
1732104000000,1732190399999,1732104060000,1732157340000,"0,01724500527","0,01724500527","0,01715991746","0,01717401354",0
1732017600000,1732103999999,1732087680000,1732103820000,"0,01734200076","0,01736184609","0,01724478088","0,01724500527","34,48"
1731931200000,1732017599999,1732007520000,1731955140000,"0,01734577076","0,01735033701","0,0170603229","0,01734200076","120,77"
1731844800000,1731931199999,1731853920000,1731924420000,"0,01749747031","0,01749836614","0,01734438196","0,01734577076","520,54"
1731758400000,1731844799999,1731843780000,1731810720000,"0,0169153667","0,01749781627","0,01679185994","0,01749747031","1511,24"
1731672000000,1731758399999,1731753060000,1731702900000,"0,01684576703","0,01691279052","0,01684352174","0,01690751641",0
1731585600000,1731671999999,1731647100000,1731667560000,"0,01692527034","0,01706101636","0,01684521958","0,01684576703","286,68"
1731499200000,1731585599999,1731509520000,1731563040000,"0,01791639997","0,01795606654","0,0169133688","0,01692527034","133,81"
1731412800000,1731499199999,1731485520000,1731413040000,"0,01785619946","0,01791966175","0,01785619946","0,01791639997",0
1731326400000,1731412799999,1731412620000,1731326820000,0,0,0,0,"399,09"
1731240000000,1731326399999,1731324720000,1731283680000,0,0,0,0,0
1731153600000,1731239999999,1731235920000,1731154440000,0,0,0,0,"325,93"
1731067200000,1731153599999,1731149220000,1731067200000,0,0,0,0,0
1730980800000,1731067199999,1731057120000,1731047100000,"0,01394376772","0,01396548269","0,01394058974","0,01394276125",0
1730894400000,1730980799999,1730964360000,1730976180000,"0,01422050414","0,01439052591","0,01393950749","0,01394500252","95,55"
1730808000000,1730894399999,1730894220000,1730808540000,"0,0133005653","0,01422614477","0,01329946105","0,01422050414",0
1730721600000,1730807999999,1730782080000,1730800500000,"0,01357444029","0,0141602835","0,01329802663","0,0133005653","126,81"
1730635200000,1730721599999,1730636880000,1730717460000,"0,01404444675","0,01404743679","0,01356913953","0,01357413523","114,23"
1730548800000,1730635199999,1730631840000,1730548860000,"0,01389722076","0,01404756688","0,01389722076","0,01404444675",0
1730462400000,1730548799999,1730548680000,1730462400000,"0,01354135993","0,01389722076","0,01354135993","0,01389722076",0
1730376000000,1730462399999,1730416200000,1730454060000,"0,01382107859","0,01392525795","0,01354032054","0,01354135993","297,19"
1730289600000,1730375999999,1730375880000,1730367240000,"0,01380094776","0,01382107859","0,01379663544","0,01382107859",0
1730203200000,1730289599999,1730284440000,1730207940000,"0,01313242328","0,0138013197","0,01313219476","0,01380094776","957,58"
1730116800000,1730203199999,1730119620000,1730202120000,"0,01505702606","0,01505906138","0,0131319273","0,01313242328","2315,13"
1730030400000,1730116799999,1730111880000,1730030460000,"0,01481561808","0,01575602123","0,01481561808","0,01505702606","143,81"
1729944000000,1730030399999,1729949040000,1729951740000,"0,01489413524","0,01523530854","0,01470153778","0,01481561808","227,5"
1729857600000,1729943999999,1729861620000,1729932540000,"0,01575374123","0,01576621185","0,01488407203","0,01489413524","287,78"
1729771200000,1729857599999,1729817940000,1729812120000,"0,01495118467","0,0151022572","0,01494237927","0,01509540243",0
1729684800000,1729771199999,1729726800000,1729750200000,"0,01610687167","0,01620186415","0,01541211363","0,01542367509","46,28"
1729598400000,1729684799999,1729684740000,1729598760000,"0,01587167436","0,01610687167","0,01587167436","0,01610687167",0
1729512000000,1729598399999,1729597020000,1729568100000,"0,01551625978","0,01587335227","0,01550287935","0,01587167436",0
1729425600000,1729511999999,1729482480000,1729484760000,"0,01571117641","0,01575863292","0,01550260786","0,01551733298","215,61"
1729339200000,1729425599999,1729417320000,1729356120000,"0,01510486306","0,01609919783","0,01510001745","0,01571117641","19,23"
1729252800000,1729339199999,1729267980000,1729336080000,"0,01594317412","0,01598275575","0,01510191975","0,01510486306","520,3"
1729166400000,1729252799999,1729250280000,1729177380000,"0,01534839128","0,01594688035","0,01534632389","0,01594317412",0
1729080000000,1729166399999,1729096260000,1729098180000,"0,01551242102","0,01577753015","0,01534043438","0,01534839128","243,25"
1728993600000,1729079999999,1729002120000,1729002420000,"0,01563322588","0,01575679913","0,01541765478","0,01551242102","156,61"
1728907200000,1728993599999,1728992820000,1728919140000,"0,01475264341","0,01592655548","0,01456939204","0,01563322588","308,76"
1728820800000,1728907199999,1728905400000,1728905640000,"0,01671994247","0,01694454675","0,0146530009","0,01475264341","486,14"
1728734400000,1728820799999,1728817980000,1728734580000,"0,01651236684","0,01672247159","0,01651185989","0,01671994247",0
1728648000000,1728734399999,1728733980000,1728648540000,"0,01628556997","0,01651883148","0,016277647","0,01651236684",0
1728561600000,1728647999999,1728646980000,1728561900000,"0,01610427132","0,01628715452","0,01610305674","0,01628556997",0
1728475200000,1728561599999,1728557400000,1728529800000,"0,01441386453","0,01609802948","0,01438836782","0,01609680529",0
1728388800000,1728475199999,1728444420000,1728448200000,"0,01590405208","0,01605292772","0,01435353399","0,01441223697","382,18"
1728302400000,1728388799999,1728388380000,1728304680000,"0,01570505335","0,01590750307","0,01570252016","0,01590405208",0
1728216000000,1728302399999,1728221100000,1728219780000,"0,01510896685","0,01621041223","0,01509993204","0,01570505335","1,99"
1728129600000,1728215999999,1728215160000,1728135840000,"0,01505079498","0,01510930864","0,01468109513","0,01510896685","102,34"
1728043200000,1728129599999,1728105240000,1728127740000,"0,01620125656","0,01634962666","0,01504270638","0,01505079498","95,14"
1727956800000,1728043199999,1728042360000,1727958300000,"0,01601557953","0,01620668565","0,01600369057","0,01620125656",0
1727870400000,1727956799999,1727956740000,1727872320000,"0,01465395207","0,01601557953","0,01464741648","0,01601557953",0
1727784000000,1727870399999,1727858760000,1727862240000,"0,01587295831","0,01599538673","0,01464331526","0,01465395207","235,09"
1727697600000,1727783999999,1727782980000,1727703120000,"0,01572017585","0,01588269604","0,01571212796","0,01587295831",0
1727611200000,1727697599999,1727691360000,1727629980000,"0,01556071507","0,01572905704","0,01556016479","0,01572017585",0
1727524800000,1727611199999,1727603880000,1727604300000,"0,01565607089","0,01572154033","0,0155601809","0,01556071507","450,6"
1727438400000,1727524799999,1727488200000,1727493900000,"0,01588305386","0,01604234172","0,01565342995","0,01565607089","254,43"
1727352000000,1727438399999,1727438160000,1727362560000,"0,01569960404","0,01588657699","0,01569343066","0,01588305386",0
1727265600000,1727351999999,1727317860000,1727270220000,"0,01561825654","0,01570644941","0,0156153028","0,01569960404",0
1727179200000,1727265599999,1727181780000,1727237040000,"0,01562556798","0,01563698263","0,01561182607","0,01561825654","124,84"
1727092800000,1727179199999,1727176980000,1727094300000,"0,01545242007","0,01563033358","0,01544839959","0,01562556798",0
1727006400000,1727092799999,1727044860000,1727006460000,"0,01500774146","0,01546124769","0,01500774146","0,01545242007","160,14"
1726920000000,1727006399999,1727006100000,1726920000000,"0,01498312926","0,01501361763","0,01498312926","0,01500774146",0
1726833600000,1726919999999,1726919760000,1726841040000,"0,01411157904","0,01498317381","0,01411064343","0,01498312926","154,05"
1726747200000,1726833599999,1726805640000,1726766880000,"0,01385219039","0,01411263777","0,01356603524","0,01411157904","2397,15"
1726660800000,1726747199999,1726699800000,1726744860000,"0,01482806171","0,01492103077","0,01376259262","0,01385219039","64,32"
1726574400000,1726660799999,1726660680000,1726575240000,"0,01464322621","0,0148290232","0,01464050227","0,01482806171",0
1726488000000,1726574399999,1726572120000,1726489680000,"0,01445841517","0,01464946021","0,01445542586","0,01464322621",0
1726401600000,1726487999999,1726403280000,1726454400000,"0,01448019998","0,01448533994","0,01445170674","0,01445841517","73,72"
1726315200000,1726401599999,1726316700000,1726390380000,"0,01468026695","0,01468090464","0,01447475303","0,01448019998","36,86"
1726228800000,1726315199999,1726315080000,1726262880000,"0,01375435705","0,01468061504","0,0137140348","0,01468026695","845,45"
1726142400000,1726228799999,1726228680000,1726192980000,"0,0137441165","0,0137562497","0,01373455746","0,01375435705",0
1726056000000,1726142399999,1726142340000,1726056000000,"0,01341341648","0,0137441165","0,01341341648","0,0137441165","111,83"
1725969600000,1726055999999,1726055880000,1726022880000,"0,01332329607","0,01341493891","0,01331418329","0,01341341648",0
1725883200000,1725969599999,1725931200000,1725895860000,"0,01332212394","0,01346292521","0,01331402045","0,01332329607","74,97"
1725796800000,1725883199999,1725846480000,1725797040000,"0,01302181082","0,01332805439","0,01302122836","0,01332212394","104,32"
1725710400000,1725796799999,1725726120000,1725774360000,"0,01392072721","0,01396344655","0,01301851584","0,01302181082","11,11"
1725624000000,1725710399999,1725706440000,1725674040000,"0,01389956156","0,01392625632","0,01389736464","0,01392072721",0
1725537600000,1725623999999,1725582840000,1725622140000,"0,01463111381","0,01463953764","0,01389671522","0,01389956156","640,38"
1725451200000,1725537599999,1725463560000,1725521700000,"0,01472279956","0,01476959089","0,01426518651","0,01463111381","288,44"
1725364800000,1725451199999,1725450900000,1725381120000,"0,01457615805","0,01472534888","0,01456906233","0,01472279956",0
1725278400000,1725364799999,1725285540000,1725305640000,"0,0148509095","0,0148538752","0,01454624235","0,01457615805","135,66"
1725192000000,1725278399999,1725202140000,1725259380000,"0,01514886512","0,01515114127","0,0147805796","0,0148509095","352,28"
1725105600000,1725191999999,1725147300000,1725185820000,"0,01538685017","0,01546663175","0,01514709206","0,01514886512","364,73"
1725019200000,1725105599999,1725104580000,1725021600000,"0,01489638872","0,01538754567","0,014893259","0,01538685017","536,94"
1724932800000,1725019199999,1725019080000,1724937960000,"0,01468598471","0,01489676716","0,01468314342","0,01489638872",0
1724846400000,1724932799999,1724851500000,1724906400000,"0,01620589743","0,01620985831","0,01467257786","0,01468598471","73,3"
1724760000000,1724846399999,1724766180000,1724820480000,"0,01637767461","0,01638127926","0,01619821518","0,01620589743","7,69"
1724673600000,1724759999999,1724744040000,1724757180000,"0,01706609832","0,01708954623","0,01637724906","0,01637767461","542,29"
1724587200000,1724673599999,1724614680000,1724627040000,"0,01708069063","0,01709604822","0,01705029592","0,01706609832","300,45"
1724500800000,1724587199999,1724586420000,1724506860000,"0,01620216397","0,01708132897","0,01620019372","0,01708069063","281,32"
1724414400000,1724500799999,1724458020000,1724432220000,"0,01600148093","0,01634577584","0,01599754436","0,01620216397","102,34"
1724328000000,1724414399999,1724347020000,1724328540000,"0,01592658345","0,01603982139","0,0159262077","0,01600148093","118,68"
1724241600000,1724327999999,1724326440000,1724295840000,"0,01589225538","0,01592766034","0,01528910494","0,01592658345","798,82"
1724155200000,1724241599999,1724180580000,1724210820000,"0,01608902328","0,01616052629","0,01588902764","0,01589779266","135,12"
1724068800000,1724155199999,1724138940000,1724148420000,"0,01607964877","0,01609486362","0,01606153081","0,01608167909",0
1723982400000,1724068799999,1724051940000,1724030460000,"0,01592635525","0,01608345467","0,01586232001","0,01607964877","302,37"
1723896000000,1723982399999,1723979340000,1723954380000,"0,01588106804","0,01593426835","0,01587938383","0,01592635525","21,82"
1723809600000,1723895999999,1723817880000,1723876320000,"0,01622445256","0,01624819913","0,01572140989","0,01588106804","1423,02"
1723723200000,1723809599999,1723793820000,1723801800000,"0,01687758361","0,01688522345","0,01607755897","0,01622445256","6,65"
1723636800000,1723723199999,1723685100000,1723644660000,"0,01670709806","0,01740297697","0,01670699476","0,01687758361","1163,85"
1723550400000,1723636799999,1723611840000,1723628220000,"0,01715165372","0,01715545388","0,01651138941","0,01670709806","1962,48"
1723464000000,1723550399999,1723528080000,1723464000000,"0,01700047416","0,01747103556","0,01700047416","0,01715165372","618,1"
1723377600000,1723463999999,1723463280000,1723431540000,"0,01692566425","0,01700188195","0,01692027489","0,01700047416",0
1723291200000,1723377599999,1723349100000,1723291260000,"0,01617394932","0,01730325437","0,01617394932","0,01692566425","319,64"
1723204800000,1723291199999,1723291080000,1723227960000,"0,01602438942","0,01617840111","0,01602341946","0,01617394932",0
1723118400000,1723204799999,1723134540000,1723201260000,"0,0166751219","0,0167381232","0,01602302753","0,01602438942","1264,62"
1723032000000,1723118399999,1723046520000,1723108920000,"0,01790652685","0,01793099773","0,01663933715","0,0166751219",0
1722945600000,1723031999999,1722971100000,1723030980000,"0,01829278031","0,01836816502","0,01790118816","0,01790652685","36,83"
1722859200000,1722945599999,1722942660000,1722909960000,"0,01827519251","0,01831783149","0,01827236675","0,01829278031",0
1722772800000,1722859199999,1722783960000,1722847320000,"0,02049818724","0,02055301808","0,01820844763","0,01827519251","1232,93"
1722686400000,1722772799999,1722765180000,1722687900000,"0,02036557601","0,02050473994","0,0203606455","0,02049818724",0
1722600000000,1722686399999,1722632100000,1722672900000,"0,02075209157","0,02077921398","0,02036100897","0,02036557601","289,11"
1722513600000,1722599999999,1722529680000,1722593700000,"0,02278092185","0,02279571946","0,02039770938","0,02075209157","1827,2"
1722427200000,1722513599999,1722498180000,1722469260000,"0,02268622518","0,02278718618","0,02268328394","0,02278092185","161,32"
1722340800000,1722427199999,1722342420000,1722417720000,"0,02335928095","0,02336436517","0,0226855042","0,02268622518","502,56"
1722254400000,1722340799999,1722320880000,1722260580000,"0,02269911633","0,02337307628","0,02269816387","0,02335928095","91,32"
1722168000000,1722254399999,1722228660000,1722168600000,"0,02216717816","0,02304619902","0,02216674461","0,02269911633","2686,1"
1722081600000,1722167999999,1722165300000,1722081660000,"0,02186624497","0,02217658153","0,02186624497","0,02216717816",0
1721995200000,1722081599999,1722072360000,1722016380000,"0,02182020422","0,02188868564","0,02179860811","0,02186624497",0
1721908800000,1721995199999,1721936640000,1721983380000,"0,02390230825","0,02393491453","0,02180589909","0,02182020422","30,18"
1721822400000,1721908799999,1721828640000,1721853480000,"0,02446617275","0,02446744111","0,02375178011","0,02390230825","139,86"
1721736000000,1721822399999,1721783040000,1721795220000,"0,02456583266","0,02493833433","0,02446455","0,02446617275","1003,22"
1721649600000,1721735999999,1721709960000,1721734860000,"0,02483566406","0,02490382901","0,02456064797","0,02456583266","195,01"
1721563200000,1721649599999,1721647860000,1721586300000,"0,02481402271","0,0248460204","0,02480321296","0,02483566406","24,76"
1721476800000,1721563199999,1721552760000,1721510460000,"0,02479566189","0,02482467158","0,02479388201","0,02481402271","79,95"
1721390400000,1721476799999,1721456640000,1721390400000,"0,02469354302","0,02508436779","0,02469354302","0,02479566189","339,64"
1721304000000,1721390399999,1721385780000,1721341860000,"0,02447456591","0,02470573912","0,02446767631","0,02469354302",0
1721217600000,1721303999999,1721254380000,1721223600000,"0,02401733417","0,02466393032","0,02401700364","0,02447456591","1560,81"
1721131200000,1721217599999,1721210460000,1721148180000,"0,02135431069","0,0240182762","0,02134253452","0,02401733417","3071,56"
1721044800000,1721131199999,1721129460000,1721045040000,"0,02108492887","0,02136345214","0,02108064365","0,02135431069",0
1720958400000,1721044799999,1721044320000,1720998600000,"0,02102854399","0,02108642296","0,02102804878","0,02108492887",0
1720872000000,1720958399999,1720954680000,1720881060000,"0,01976783509","0,0210297692","0,01976375308","0,02102854399","1334,94"
1720785600000,1720871999999,1720813200000,1720827420000,"0,02011654891","0,02012931888","0,01976314919","0,01976783509","241,91"
1720699200000,1720785599999,1720770180000,1720712580000,"0,02001316616","0,02012262146","0,02001012132","0,02011654891","203,22"
1720612800000,1720699199999,1720670280000,1720623300000,"0,01934209508","0,02006557141","0,01917318167","0,02001316616","1392,53"
1720526400000,1720612799999,1720602420000,1720550940000,"0,01884955812","0,01934537293","0,01884649354","0,01934209508","406,18"
1720440000000,1720526399999,1720440000000,1720457160000,"0,01902086707","0,01902086707","0,01847952762","0,01884955812","597,09"
1720353600000,1720439999999,1720368420000,1720439700000,"0,01965513886","0,02011835054","0,01902086707","0,01902086707","680,1"
1720267200000,1720353599999,1720267980000,1720276440000,"0,0198513356","0,01985270148","0,01953118581","0,01965513886","408,29"
1720180800000,1720267199999,1720223340000,1720238640000,"0,0208847517","0,0208883727","0,01952064752","0,0198513356","244,29"
1720094400000,1720180799999,1720120740000,1720159440000,"0,02228039023","0,02228974855","0,02074783584","0,0208847517","1083,67"
1720008000000,1720094399999,1720046040000,1720085460000,"0,02340096106","0,02340528554","0,02227411906","0,02228039023","136,17"
1719921600000,1720007999999,1719922020000,1720002840000,"0,02391954277","0,02392039231","0,02340023359","0,02340096106","705,42"
1719835200000,1719921599999,1719893400000,1719920040000,"0,02690439854","0,02759905031","0,02391928077","0,02391954277",5638
1719748800000,1719835199999,1719749940000,1719789720000,"0,02775330582","0,0277684057","0,02678418212","0,02690439854","150,24"
1719662400000,1719748799999,1719748140000,1719662640000,"0,0274619025","0,02775645291","0,02745496466","0,02775330582",0
1719576000000,1719662399999,1719626280000,1719586500000,"0,02687279215","0,02748518835","0,02686772236","0,0274619025","27,63"
1719489600000,1719575999999,1719491280000,1719573720000,"0,02702094636","0,02702806747","0,02686919717","0,02687279215","245,36"
1719403200000,1719489599999,1719432780000,1719416040000,"0,02694773737","0,02721831756","0,02694176923","0,02702094636","251,3"
1719316800000,1719403199999,1719383820000,1719343140000,"0,02639018261","0,02696363914","0,02638761594","0,02694773737","38,81"
1719230400000,1719316799999,1719250620000,1719293640000,"0,02848353673","0,02849476382","0,02638799424","0,02639018261","636,24"
1719144000000,1719230399999,1719151800000,1719227760000,"0,02876242501","0,02882189794","0,02848013074","0,02848353673","384,76"
1719057600000,1719143999999,1719083400000,1719137040000,"0,02948161238","0,02948673434","0,028761021","0,02876242501","1323,05"
1718971200000,1719057599999,1718981880000,1719027960000,"0,03053813608","0,03055289381","0,02948067857","0,02948161238","1577,8"
1718884800000,1718971199999,1718936520000,1718970360000,"0,03080363229","0,03094357638","0,03053406036","0,03053813608","6,52"
1718798400000,1718884799999,1718868660000,1718820240000,"0,03055498437","0,03080657206","0,03040526716","0,03080363229","702,53"
1718712000000,1718798399999,1718788020000,1718798280000,"0,03130160854","0,03147350788","0,03055498437","0,03055498437","190,26"
1718625600000,1718711999999,1718626200000,1718705940000,"0,03446440321","0,03446473063","0,03130115868","0,03130160854","4181,1"
1718539200000,1718625599999,1718554200000,1718612700000,"0,03444325558","0,03463527634","0,03441045294","0,03446440321","1079,02"
1718452800000,1718539199999,1718528640000,1718455560000,"0,03057008132","0,03587419702","0,03056938308","0,03444325558","11067,56"
1718366400000,1718452799999,1718422080000,1718450520000,"0,03196629191","0,03197179681","0,03050234702","0,03057008132","2087,91"
1718280000000,1718366399999,1718322540000,1718338920000,"0,03415395859","0,03416379296","0,0302528951","0,03196629191","1481,54"
1718193600000,1718279999999,1718254500000,1718255940000,"0,03430964208","0,05834767402","0,03333854189","0,03415395859","388,1"
1718107200000,1718193599999,1718131560000,1718156760000,"0,03488567437","0,0348877344","0,03301501691","0,03430964208","39,64"
1718020800000,1718107199999,1718036880000,1718107080000,"0,03643345326","0,03643626308","0,03488567437","0,03488567437","3023,96"
1717934400000,1718020799999,1718009460000,1717973340000,"0,0357099274","0,05188442509","0,03569022807","0,03643343711","193,23"
1717848000000,1717934399999,1717856880000,1717885140000,"0,03686959963","0,03687541304","0,03516361751","0,03570992701","2849,2"
1717761600000,1717847999999,1717805640000,1717768020000,"0,03674219355","0,05915578209","0,03673951603","0,03686971671","593,51"
1717675200000,1717761599999,1717708680000,1717755240000,"0,05083068967","0,09514866986","0,03673654166","0,03674219355","815,02"
1717588800000,1717675199999,1717673160000,1717604160000,"0,03637767517","0,05083556505","0,03637454484","0,05083090884","147,3"
1717502400000,1717588799999,1717531740000,1717562220000,"0,03649792982","0,03649858249","0,03637330624","0,03637767517","100,81"
1717416000000,1717502399999,1717468500000,1717492380000,"0,03703161624","0,03960440259","0,0364976699","0,03649792982","8523,62"
1717329600000,1717415999999,1717333320000,1717414800000,"0,0389040599","0,03893326551","0,03703147141","0,03703161624","2230,11"
1717243200000,1717329599999,1717328940000,1717291200000,"0,03823064417","0,03890561493","0,0381825748","0,038904062","335,89"
1717156800000,1717243199999,1717171140000,1717193700000,"0,04255127478","0,04266347278","0,03796316649","0,03823064602","1433,48"
1717070400000,1717156799999,1717153020000,1717131720000,"0,04242304674","0,0425176877","0,04231689353","0,04251465861",0
1716984000000,1717070399999,1717056060000,1717048920000,"0,04239885691","0,04242325746","0,04236548058","0,04242304674","499,53"
1716897600000,1716983999999,1716910500000,1716974520000,"0,04243585977","0,04243586013","0,04239871332","0,04239885691","2477,66"
1716811200000,1716897599999,1716828000000,1716829920000,"0,04243548474","0,04243711498","0,04243541603","0,04243585977","1030,15"
1716724800000,1716811199999,1716800280000,1716725940000,"0,04242979812","0,04243548474","0,04242979812","0,04243548474","225,91"
1716638400000,1716724799999,1716657840000,1716702540000,"0,04243834585","0,04243900084","0,04242952623","0,04242979812","874,18"
1716552000000,1716638399999,1716576240000,1716552000000,"0,0423198596","0,04248622411","0,0423198596","0,04243834569","419,99"
1716465600000,1716551999999,1716547740000,1716465840000,"0,041293018","0,04233617168","0,04129296854","0,0423198596","1635,77"
1716379200000,1716465599999,1716464940000,1716379440000,"0,03630086061","0,04129501233","0,03629932545","0,041293018","2932,58"
1716292800000,1716379199999,1716379140000,1716292860000,"0,03567653581","0,03630086061","0,03566159645","0,03630086061","187,77"
1716206400000,1716292799999,1716289980000,1716216240000,"0,03498155744","0,03568629552","0,03496254663","0,03567653579","1227,31"
1716120000000,1716206399999,1716203400000,1716120060000,"0,03394398703","0,03499026197","0,03394398703","0,03498155744","665,39"
1716033600000,1716119999999,1716119520000,1716033660000,"0,03305147712","0,03395131877","0,03305071149","0,03394398703","1631,27"
1715947200000,1716033599999,1716033480000,1715948160000,"0,03239068446","0,03305147712","0,03238366726","0,03305147712","1491,19"
1715860800000,1715947199999,1715940240000,1715861400000,"0,03193935136","0,03240863523","0,03192661533","0,03239068443","750,5"
1715774400000,1715860799999,1715778360000,1715825040000,"0,03215814213","0,03217025783","0,03180439426","0,03193935136","87,86"
1715688000000,1715774399999,1715758440000,1715740320000,"0,03232377689","0,03236740206","0,03149326092","0,03215814213","3194,09"
1715601600000,1715687999999,1715648880000,1715602980000,"0,03188230253","0,03256433322","0,03188230253","0,03232377689","543,29"
1715515200000,1715601599999,1715587260000,1715517840000,"0,03175067005","0,09579106108","0,03175067005","0,03188230253","127,6"
1715428800000,1715515199999,1715429160000,1715450040000,"0,03215561716","0,03215561716","0,03134500734","0,03175067005","539,4"
1715342400000,1715428799999,1715366520000,1715395320000,"0,03232271522","0,03250363395","0,03215561716","0,03215561716","172,97"
1715256000000,1715342399999,1715336820000,1715295360000,"0,03231336919","0,03232371957","0,03184797283","0,03232271522","212,82"
1715169600000,1715255999999,1715171160000,1715252340000,"0,03360860544","0,03360860544","0,03231336919","0,03231336919","1929,1"
1715083200000,1715169599999,1715169000000,1715169360000,"0,03426502921","0,0970805346","0,03360860544","0,03360860544","33,54"
1714996800000,1715083199999,1715044680000,1715042400000,"0,03352179032","0,03480342731","0,03352176585","0,03426502921","5653,31"
1714910400000,1714996799999,1714990320000,1714911480000,"0,03280986899","0,0415493416","0,03280986899","0,03352179032","915,94"
1714824000000,1714910399999,1714876320000,1714825860000,"0,03268197741","0,03299160562","0,03268197741","0,03280986899","106,93"
1714737600000,1714823999999,1714816440000,1714787700000,"0,03163677209","0,03268197741","0,03154745757","0,03268197741","313,55"
1714651200000,1714737599999,1714721940000,1714679580000,"0,02476122079","0,04242738615","0,02350598407","0,03163677209","36972,09"
1714564800000,1714651199999,1714650720000,1714629900000,"0,02431828929","0,02476201042","0,02305598424","0,02476122079","40,78"
1714478400000,1714564799999,1714547760000,1714550460000,"0,02700850614","0,07959568413","0,02409040873","0,02431828929","3847,22"
1714392000000,1714478399999,1714412040000,1714474320000,"0,02845579379","0,02973678375","0,02697401128","0,02700850614","1120,62"
1714305600000,1714391999999,1714321380000,1714316040000,"0,02781912192","0,02876418402","0,02781898892","0,02845579379","980,68"
1714219200000,1714305599999,1714305420000,1714241760000,"0,02707995683","0,02781940526","0,02692290492","0,02781912192","497,11"
1714132800000,1714219199999,1714176240000,1714198380000,"0,02985119376","0,03002564741","0,02685431343","0,02707995683","5787,74"
1714046400000,1714132799999,1714066440000,1714099620000,"0,0311340583","0,0954274721","0,02927165273","0,02985119376","703,2"
1713960000000,1714046399999,1714044300000,1713963840000,"0,03018011995","0,03113463503","0,03018011995","0,03113395243","23,07"
1713873600000,1713959999999,1713874920000,1713878640000,"0,03103179987","0,03103179987","0,03000018419","0,03018011995","82,13"
1713787200000,1713873599999,1713819240000,1713820500000,"0,03572035065","0,04074660629","0,02855371641","0,03103179987","7147,79"
1713700800000,1713787199999,1713762960000,1713714360000,"0,02763224011","0,03572774271","0,02763224011","0,03572320076","56,54"
1713614400000,1713700799999,1713616500000,1713653700000,"0,02797969784","0,02797969784","0,02763224011","0,02763224011","104,04"
1713528000000,1713614399999,1713584100000,1713592680000,"0,02800650036","0,02880965861","0,02797969784","0,02797969784","388,36"
1713441600000,1713527999999,1713526800000,1713444120000,"0,02767619535","0,02800651525","0,02741883721","0,02800650036","3022,81"
1713355200000,1713441599999,1713378000000,1713408240000,"0,02762175914","0,02831067947","0,02707234968","0,02767619535","1208,68"
1713268800000,1713355199999,1713269340000,1713312720000,"0,03033146171","0,03033146171","0,02665789283","0,02762175914","6532,03"
1713182400000,1713268799999,1713251880000,1713187860000,"0,03023152327","0,1355827439","0,03023151414","0,03033146171","55,65"
1713096000000,1713182399999,1713100680000,1713103800000,"0,03231152961","0,0323115568","0,02888747237","0,03023152327","2141,34"
1713009600000,1713095999999,1713034980000,1713015180000,"0,03139981649","0,04231886447","0,03120524643","0,03231152961","14811,75"
1712923200000,1713009599999,1713008760000,1713009240000,"0,03227917574","0,03416976551","0,03139969159","0,031399811","2538,91"
1712836800000,1712923199999,1712873700000,1712875560000,"0,03742894268","0,1800603095","0,03140365153","0,03227917574","5332,92"
1712750400000,1712836799999,1712831220000,1712786640000,"0,03509634867","0,03743186186","0,03270232653","0,03742894268","188,5"
1712664000000,1712750399999,1712714460000,1712739420000,"0,04293671503","0,1143577199","0,03498346711","0,03509634867","598,08"
1712577600000,1712663999999,1712586480000,1712661660000,"0,08456421344","0,1192450761","0,0429331253","0,04293671503","3912,96"
1712491200000,1712577599999,1712575860000,1712563440000,"0,03224099967","0,08457587179","0,03076627327","0,08456421344","874,11"
1712404800000,1712491199999,1712490960000,1712405400000,"0,03004612775","0,03224146056","0,03004612775","0,03224099967","227,6"
1712318400000,1712404799999,1712319720000,1712318760000,"0,02995556865","0,03030594242","0,02995556865","0,03004612775","423,99"
1712232000000,1712318399999,1712233860000,1712275020000,"0,03068495724","0,03068495724","0,02995556865","0,02995556865","455,99"
1712145600000,1712231999999,1712159460000,1712158440000,"0,0305903108","0,03076556104","0,03048897239","0,03068495724","185,26"
1712059200000,1712145599999,1712071920000,1712144580000,"0,03550706171","0,04265329086","0,03059028959","0,0305903108","2207,29"
1711972800000,1712059199999,1712015400000,1712043720000,"0,03469241142","0,03553078391","0,03375189086","0,03550706171","29,86"
1711886400000,1711972799999,1711900200000,1711932480000,"0,03488097136","0,03488932337","0,0343046398","0,03469241142","1593,68"
1711800000000,1711886399999,1711844400000,1711804800000,"0,03031569768","0,05599180985","0,03030338572","0,03488097698","1249,79"
1711713600000,1711799999999,1711784280000,1711797480000,"0,03407886622","0,06493828845","0,03030775672","0,03031569768","238,61"
1711627200000,1711713599999,1711627620000,1711699080000,"0,03487071597","0,03487071597","0,03396977133","0,03407886622","2047,37"
1711540800000,1711627199999,1711542600000,1711611600000,"0,0372544153","0,0372544153","0,03263108287","0,03487071597","4524,78"
1711454400000,1711540799999,1711454760000,1711519140000,"0,04016289604","0,04016289604","0,0372544153","0,0372544153","3599,99"
1711368000000,1711454399999,1711437300000,1711371600000,"0,03354479908","0,04016289604","0,03354059126","0,04016289604","1051,63"
1711281600000,1711367999999,1711363620000,1711348680000,"0,03354671266","0,03355486041","0,03353777225","0,03354479908",0
1711195200000,1711281599999,1711259280000,1711273440000,"0,0367774796","0,03678456997","0,03353991589","0,03354671266",0
1711108800000,1711195199999,1711111920000,1711185840000,"0,03833410828","0,0383551928","0,03611702512","0,0367774796","2806,76"
1711022400000,1711108799999,1711102980000,1711024620000,"0,03657605544","0,03835347589","0,03657605544","0,03833253644",0
1710936000000,1711022399999,1710950760000,1710953880000,"0,03859639012","0,03862275158","0,03301300444","0,03657605544","1247,07"
1710849600000,1710935999999,1710933480000,1710852960000,"0,03710937816","0,03862263053","0,03710937816","0,03859506313",0
1710763200000,1710849599999,1710793200000,1710842340000,"0,04084551523","0,0410842511","0,03710937816","0,03710937816","4623,78"
1710676800000,1710763199999,1710754380000,1710700860000,"0,04061029553","0,04084551523","0,03947729347","0,04084551523","618,69"
1710590400000,1710676799999,1710667320000,1710667920000,"0,04111431847","0,04113794051","0,04007817051","0,04061029553",0
1710504000000,1710590399999,1710565440000,1710581400000,"0,04408080722","0,0444631616","0,04109508599","0,04111438238","327,81"
1710417600000,1710503999999,1710449040000,1710478800000,"0,04535594973","0,04536492765","0,04402692501","0,04408080722","665,96"
1710331200000,1710417599999,1710358140000,1710416640000,"0,04581694795","0,0498647487","0,0453559483","0,04535594975","3835,17"
1710244800000,1710331199999,1710287040000,1710245940000,"0,0428849679","0,0458211743","0,04288496303","0,04581694795","4310,92"
1710158400000,1710244799999,1710197640000,1710240900000,"0,04876425762","0,05036360603","0,04257022431","0,0428849679","11439,44"
1710072000000,1710158399999,1710136740000,1710074760000,"0,04727091237","0,04876425762","0,04727091237","0,04876425762","487,65"
1709985600000,1710071999999,1709998620000,1710057540000,"0,0471389584","0,0476289551","0,04587564233","0,04727091237","5357,28"
1709899200000,1709985599999,1709959800000,1709900100000,"0,04370689314","0,0471389584","0,04370689314","0,0471389584","4449,31"
1709812800000,1709899199999,1709873220000,1709823480000,"0,04292565489","0,04370689314","0,04202894707","0,04370689314","1499,26"
1709726400000,1709812799999,1709790720000,1709740740000,"0,02890987686","0,04342823744","0,0258007812","0,04292565489","101421,88"
1709640000000,1709726399999,1709705700000,1709640000000,"0,02792420757","0,02890987686","0,02792420757","0,02890987686","363,14"
1709553600000,1709639999999,1709634720000,1709568600000,"0,02965154913","0,03004734323","0,02667852429","0,02792420757","13085,39"
1709467200000,1709553599999,1709526480000,1709478840000,"0,02780884276","0,02978331193","0,02774561828","0,02965154913","3897,49"
1709380800000,1709467199999,1709457300000,1709409300000,"0,02573697005","0,02832696214","0,02564245043","0,02780884384","5331,86"
1709294400000,1709380799999,1709371200000,1709294400000,"0,02489432681","0,02573697005","0,02489432681","0,02573697005","3009,48"
1709208000000,1709294399999,1709219760000,1709293860000,"0,02706431448","0,02804189509","0,02489432681","0,02489432681","6289,33"
1709121600000,1709207999999,1709121600000,1709194080000,"0,03805429472","0,03805429472","0,02687798396","0,02706431448","14002,79"
1709035200000,1709121599999,1709084640000,1709035200000,"0,03685386511","0,03903939074","0,03685386511","0,03805429472","1902,72"
1708948800000,1709035199999,1708949700000,1708995120000,"0,03926416562","0,03926416628","0,03685386511","0,03685386511","2655,6"
1708862400000,1708948799999,1708940400000,1708862400000,"0,0363586236","0,03926416669","0,0363586236","0,03926416562","1543,91"
1708776000000,1708862399999,1708829640000,1708787160000,"0,03532411776","0,0363586236","0,03507750161","0,0363586236","2383,11"
1708689600000,1708775999999,1708701060000,1708689600000,"0,03509241298","0,03532411776","0,03509241298","0,03532411776","243,85"
1708603200000,1708689599999,1708646280000,1708656540000,"0,03539661455","0,03630541865","0,03509241298","0,03509241298","3178,02"
1708516800000,1708603199999,1708569960000,1708549020000,"0,03053064175","0,03746276032","0,03022838237","0,03539661455","16856,09"
1708430400000,1708516799999,1708430400000,1708507140000,"0,03341242627","0,03341242627","0,02938151623","0,03053064175","11674,66"
1708344000000,1708430399999,1708380600000,1708430100000,"0,03479251208","0,03503015508","0,03341242627","0,03341242627","2871,9"
1708257600000,1708343999999,1708260480000,1708273080000,"0,03560033475","0,03563359219","0,03319342778","0,03479251208","4648,85"
1708171200000,1708257599999,1708186860000,1708250820000,"0,03656803665","0,03813192513","0,03558105696","0,03560032132","6227,58"
1708084800000,1708171199999,1708100220000,1708168260000,"0,0465787522","0,04865591258","0,03656803665","0,03656803665",19751
1707998400000,1708084799999,1708002240000,1708020780000,"0,04841331089","0,0484576505","0,04535649212","0,0465787522","5018,42"
1707912000000,1707998399999,1707916020000,1707978000000,"0,05645234893","0,05653513143","0,04831666266","0,04841331089","9556,41"
1707825600000,1707911999999,1707902460000,1707851280000,"0,05524365496","0,05645257602","0,0548860355","0,05645234896","2534,02"
1707739200000,1707825599999,1707824760000,1707780420000,"0,05320416508","0,05524365496","0,05134638626","0,05524365496","1959,51"
1707652800000,1707739199999,1707713400000,1707653700000,"0,05113116802","0,05352301282","0,05113106647","0,05320414278","2907,34"
1707566400000,1707652799999,1707611820000,1707651480000,"0,05179609043","0,05249264897","0,0510819738","0,0511312343","1080,5"
1707480000000,1707566399999,1707489300000,1707553860000,"0,0523693536","0,05284783466","0,05179609043","0,05179609043","1083,03"
1707393600000,1707479999999,1707474780000,1707407100000,"0,05105134547","0,05236978319","0,05088638118","0,05236881691","331,5"
1707307200000,1707393599999,1707384420000,1707368700000,"0,04867115848","0,05106752193","0,04801556039","0,05105129392","2018,68"
1707220800000,1707307199999,1707294060000,1707288660000,"0,04716081778","0,04867115848","0,04715922851","0,04867115848","551,6"
1707134400000,1707220799999,1707185340000,1707146040000,"0,04733070887","0,04817879745","0,04661592366","0,04716081781","2075,46"
1707048000000,1707134399999,1707120660000,1707048000000,"0,04696720206","0,04746699063","0,04696720206","0,04733070887","1855,18"
1706961600000,1707047999999,1706966520000,1707033660000,"0,04742628948","0,04767794882","0,04696720206","0,04696720206","1075,75"
1706875200000,1706961599999,1706920980000,1706896320000,"0,04714602898","0,04778045906","0,04691776544","0,04742628948","1485,72"
1706788800000,1706875199999,1706789100000,1706832840000,"0,04785309718","0,04814986465","0,04693530083","0,04714602898","2078,55"
1706702400000,1706788799999,1706717160000,1706786760000,"0,0536233894","0,05390923079","0,0467294623","0,04785309718","6904,97"
1706616000000,1706702399999,1706699460000,1706668620000,"0,0494200205","0,0536258477","0,04917036107","0,05362338728","4638,94"
1706529600000,1706615999999,1706529600000,1706565780000,"0,04951301785","0,04951301785","0,04854073596","0,0494200205","1815,51"
1706443200000,1706529599999,1706491680000,1706524800000,"0,04980342128","0,05053037371","0,04951301785","0,04951301785","2014,64"
1706356800000,1706443199999,1706400720000,1706438400000,"0,05098864363","0,05106143042","0,04980342128","0,04980342128","2326,88"
1706270400000,1706356799999,1706287440000,1706318700000,"0,0517745471","0,05205504887","0,04789519519","0,05098864363","8073,7"
1706184000000,1706270399999,1706184000000,1706232180000,"0,05200313982","0,05200313982","0,04910370134","0,0517745471","7953,42"
1706097600000,1706183999999,1706131680000,1706101440000,"0,05120475224","0,05234633964","0,05120470332","0,05200313982","609,08"
1706011200000,1706097599999,1706024460000,1706063940000,"0,05437191594","0,05756073357","0,05117144709","0,05120475224","4365,92"
1705924800000,1706011199999,1705932900000,1706004900000,"0,05715111809","0,05905161427","0,05437037317","0,05437185857","8226,01"
1705838400000,1705924799999,1705854960000,1705900980000,"0,05846288442","0,05851816821","0,05427544107","0,05715111809","21299,57"
1705752000000,1705838399999,1705752000000,1705828500000,"0,0606265058","0,0606265058","0,05842259008","0,05846288787","949,4"
1705665600000,1705751999999,1705742340000,1705729980000,"0,06011903778","0,0606265058","0,05814170114","0,0606265058","5441,06"
1705579200000,1705665599999,1705640820000,1705584300000,"0,05981522774","0,06053860129","0,0598139428","0,06011903634","1568,76"
1705492800000,1705579199999,1705495980000,1705536120000,"0,06126153158","0,06126154618","0,05747077933","0,05981522774","8064,02"
1705406400000,1705492799999,1705442520000,1705492740000,"0,06250344988","0,06266909468","0,06126153158","0,06126153158","4080,28"
1705320000000,1705406399999,1705360560000,1705320600000,"0,05868743611","0,06355403407","0,05814878573","0,06250344988","6291,26"
1705233600000,1705319999999,1705284600000,1705319100000,"0,0720563775","0,07511618587","0,0586850615","0,05868743611","19943,57"
1705147200000,1705233599999,1705228200000,1705147440000,"0,05402059239","0,07492910599","0,05402058038","0,0720563775","27654,61"
1705060800000,1705147199999,1705061460000,1705145400000,"0,05872290831","0,05872297264","0,0539984128","0,05402058676","4176,84"
1704974400000,1705060799999,1704974400000,1704987420000,"0,05906002072","0,05906002072","0,05712326615","0,05872279794","12504,77"
1704888000000,1704974399999,1704967080000,1704973920000,"0,05990581393","0,06627531692","0,05906002072","0,05906002072","14736,8"
1704801600000,1704887999999,1704802440000,1704870240000,"0,07011904198","0,07026109908","0,05870130012","0,05990581393","14396,94"
1704715200000,1704801599999,1704783060000,1704727740000,"0,0719723333","0,07360754617","0,06787185466","0,07013356105","5041,96"
1704628800000,1704715199999,1704633540000,1704710280000,"0,07562822738","0,07649770533","0,07173671528","0,07197174299","10301,4"
1704542400000,1704628799999,1704614820000,1704544620000,"0,07029093328","0,07610897891","0,06999226471","0,07560932887","15700,71"
1704456000000,1704542399999,1704457680000,1704517860000,"0,07268793547","0,07327906196","0,0668441928","0,07026439393","12463,53"
1704369600000,1704455999999,1704444000000,1704374820000,"0,06939923579","0,07349160985","0,06929374183","0,07268795743","1854,91"
1704283200000,1704369599999,1704291180000,1704338340000,"0,07725513173","0,07798062546","0,06878930653","0,06939481333","7869,9"
1704196800000,1704283199999,1704252240000,1704252060000,"0,0743924399","0,08862233685","0,07303088745","0,07724556158","43355,22"
1704110400000,1704196799999,1704172320000,1704110400000,"0,07293181786","0,0762853763","0,07293181786","0,07436575561","8114,34"
1704024000000,1704110399999,1704089040000,1704033720000,"0,06864970782","0,08232449244","0,06843956545","0,07294082509","29679,34"
1703937600000,1704023999999,1703956980000,1703950320000,"0,06548374629","0,0699669563","0,06458162285","0,06865130678","18438,06"
1703851200000,1703937599999,1703904300000,1703931720000,"0,06651375659","0,06759473796","0,06482658253","0,065479545","364406,2"
1703764800000,1703851199999,1703767380000,1703843520000,"0,06889674289","0,07049209713","0,06642951478","0,06650696186","345490,56"
1703678400000,1703764799999,1703738100000,1703691360000,"0,06594150966","0,06973926641","0,06487232632","0,06892045309","390774,96"
1703592000000,1703678399999,1703642100000,1703628000000,"0,06564228974","0,06895661915","0,06409040074","0,06593777051","356852,22"
1703505600000,1703591999999,1703578980000,1703515200000,"0,06178209044","0,06609302742","0,05618844603","0,06563753619","350890,34"
1703419200000,1703505599999,1703419320000,1703494620000,"0,06546190821","0,0654679007","0,05881827124","0,06180351287","303053,86"
1703332800000,1703419199999,1703337060000,1703412900000,"0,0680277772","0,06878047367","0,06501269816","0,06547664977","324577,79"
1703246400000,1703332799999,1703312940000,1703255520000,"0,06471282962","0,06923213218","0,0644562057","0,06803327563","352382,98"
1703160000000,1703246399999,1703161800000,1703233740000,"0,07793369492","0,07819391775","0,0644446171","0,06470257907","350925,02"
1703073600000,1703159999999,1703126220000,1703073600000,"0,07400697695","0,08195838309","0,07400697695","0,07787223898","386536,62"
1702987200000,1703073599999,1703073480000,1702991280000,"0,06263875003","0,07402003481","0,06248259673","0,07401036548","354668,61"
1702900800000,1702987199999,1702902960000,1702939020000,"0,06592504303","0,06598876036","0,06095439304","0,06265021502","385340,19"
1702814400000,1702900799999,1702822620000,1702900260000,"0,06864335","0,07425920284","0,065856096","0,06592113027","409874,12"
1702728000000,1702814399999,1702795560000,1702798020000,"0,06836068215","0,07315408275","0,06549899471","0,06860893069","403316,7"
1702641600000,1702727999999,1702641660000,1702726260000,"0,07499595365","0,07500795249","0,0679812307","0,06836758857","369731,07"
1702555200000,1702641599999,1702556100000,1702641060000,"0,08535910859","0,08556315229","0,07491165821","0,07498228396","370515,77"
1702468800000,1702555199999,1702469880000,1702553100000,"0,09868457481","0,1021564802","0,0852499593","0,08536311343","383618,34"
1702382400000,1702468799999,1702468680000,1702382400000,"0,07230911714","0,1003849397","0,07230911714","0,1003694779","346644,35"
1702296000000,1702382399999,1702296420000,1702366980000,"0,1146564137","0,1151837645","0,06807347114","0,07231559089","334436,7"
1702209600000,1702295999999,1702295940000,1702209600000,"0,05300483736","0,1146512273","0,05300483736","0,1146512273","417471,59"
1702123200000,1702209599999,1702207200000,1702137120000,"0,04928509023","0,05338240992","0,04920391213","0,05300382201","355688,49"
1702036800000,1702123199999,1702085880000,1702039020000,"0,04461625829","0,05042574332","0,04444072134","0,04928611413","403922,94"
1701950400000,1702036799999,1702028160000,1701950400000,"0,04370232939","0,04631202757","0,04370232939","0,04461506215","386326,91"
1701864000000,1701950399999,1701868020000,1701947700000,"0,04730428727","0,04761812972","0,04356404764","0,04370716062","358374,24"
1701777600000,1701863999999,1701863940000,1701820920000,"0,04396912911","0,04731676013","0,04157592812","0,04731676013","340994,78"
1701691200000,1701777599999,1701710100000,1701747720000,"0,04425232656","0,04757770232","0,04359250158","0,04396384281","295223,29"
1701604800000,1701691199999,1701613080000,1701689640000,"0,04502227531","0,04682000162","0,04408253289","0,04421775384","311040,3"
1701518400000,1701604799999,1701527100000,1701598380000,"0,04776125475","0,04856513783","0,04373198827","0,04501904721","334842,66"
1701432000000,1701518399999,1701457860000,1701507120000,"0,04940804178","0,05166475019","0,04629450551","0,047762785","324092,69"
1701345600000,1701431999999,1701345600000,1701423180000,"0,052722172","0,052722172","0,04722810231","0,04941086233","302627,88"
1701259200000,1701345599999,1701284520000,1701325740000,"0,05315598136","0,05870989136","0,05208836309","0,05271728863","333514,72"
1701172800000,1701259199999,1701238500000,1701194940000,"0,05182401476","0,05381818084","0,05141161125","0,05317619633","305816,84"
1701086400000,1701172799999,1701088440000,1701158940000,"0,05307303097","0,05313040016","0,05092932736","0,05182651225","333863,22"
1701000000000,1701086399999,1701032280000,1701083940000,"0,05466195561","0,05504779065","0,05303428563","0,05306430642","311635,14"
1700913600000,1700999999999,1700940660000,1700981700000,"0,05608756241","0,05654751257","0,05377509104","0,0546595649","292230,97"
1700827200000,1700913599999,1700831940000,1700873460000,"0,06075444687","0,0611132616","0,05534199209","0,05609449248","266322,02"
1700740800000,1700827199999,1700776980000,1700801280000,"0,06591568742","0,06607716859","0,05889916215","0,06074651054","279102,03"
1700654400000,1700740799999,1700740380000,1700654520000,"0,05868049615","0,06599895556","0,05852702346","0,06591838817","302082,09"
1700568000000,1700654399999,1700574720000,1700654340000,"0,06339653594","0,06401670264","0,05871501127","0,05871501127","257411,4"
1700481600000,1700567999999,1700482560000,1700489640000,"0,06157862112","0,1479053711","0,05930980251","0,06339392228","15975,87"
1700395200000,1700481599999,1700425680000,1700404200000,"0,06020807787","0,06311306541","0,05959221992","0,06159115178","8168,73"
1700308800000,1700395199999,1700309520000,1700327580000,"0,06404962555","0,06419610519","0,05931433539","0,06021284192","8456,09"
1700222400000,1700308799999,1700247240000,1700235780000,"0,06330540267","0,06459572194","0,0586999201","0,06399170988","15440,91"
1700136000000,1700222399999,1700139900000,1700206560000,"0,06829488231","0,06893749588","0,06267869489","0,06334177766","3980,18"
1700049600000,1700135999999,1700135940000,1700064180000,"0,06191794386","0,06831808567","0,05740183658","0,06831808567","20462,1"
1699963200000,1700049599999,1699995900000,1699966860000,"0,06174867263","0,06942009677","0,06103508832","0,06190240313","13436,72"
1699876800000,1699963199999,1699882020000,1699932240000,"0,07102819353","0,07232298517","0,05930609189","0,06178017695","26900,36"
1699790400000,1699876799999,1699848480000,1699856940000,"0,06875003564","0,07113321027","0,06572217711","0,07101372106","15010,23"
1699704000000,1699790399999,1699723800000,1699779840000,"0,08649935153","0,0869046106","0,05531966265","0,06874060118","99416,19"
1699617600000,1699703999999,1699618200000,1699699620000,"0,1110462233","0,1112960968","0,0861182606","0,08650721277","26832,51"
1699531200000,1699617599999,1699532520000,1699601100000,"0,133027821","0,1333142159","0,105601555","0,1111067472","11979,38"
1699444800000,1699531199999,1699498860000,1699451700000,"0,1295804846","0,1363804099","0,1290008716","0,1330303656","6846,43"
1699358400000,1699444799999,1699404600000,1699434420000,"0,133027821","0,1392467395","0,1199683837","0,1278213609","42757,89"
1699272000000,1699358399999,1699326060000,1699272360000,"0,1277971818","0,1363804099","0,1276202177","0,1330303656","6846,43"
1699185600000,1699271999999,1699205880000,1699261620000,"0,135779743","0,1393986706","0,1199683837","0,1278213609","42757,89"
1699099200000,1699185599999,1699165620000,1699173600000,"0,1373725816","0,1396698819","0,1345904322","0,1357748006","10991,89"
1699012800000,1699099199999,1699013700000,1699049040000,"0,1441648822","0,1443398686","0,1301261618","0,1373425226","209588,27"
1698926400000,1699012799999,1698938520000,1699011480000,"0,1653997839","0,1696829219","0,1438610183","0,1441862358","277897,58"
1698840000000,1698926399999,1698850500000,1698840360000,"0,1502549671","0,1831234703","0,1500733027","0,165395467","288221,32"
1698753600000,1698839999999,1698839460000,1698790800000,"0,1328834954","0,1503113679","0,1306913436","0,1502265073","273280,17"
1698580800000,1698667199999,1698649020000,1698585900000,"0,1148568947","0,1212187975","0,1142570305","0,1177733845","271911,83"
1698494400000,1698580799999,1698545700000,1698494640000,"0,08157125765","0,1302189262","0,08152163169","0,1148541604","291098,89"
1698408000000,1698494399999,1698408120000,1698490620000,"0,1120371121","0,1120621075","0,08013482683","0,08157049346","321761,33"
1698321600000,1698407999999,1698350880000,1698343800000,"0,1130808524","0,1165956863","0,1117598418","0,1120234508","258723,57"
1698235200000,1698321599999,1698241500000,1698285480000,"0,1492476234","0,1508927884","0,09366825908","0,1130802627","331583,14"
1698148800000,1698235199999,1698159000000,1698215040000,"0,1683077722","0,1776162378","0,1457541636","0,1491713713","34347,78"
1698062400000,1698148799999,1698082560000,1698112620000,"0,1716580538","0,1847245679","0,1567077769","0,1683077718","230713,2"
1697976000000,1698062399999,1698062040000,1697986800000,"0,1443543032","0,1713962835","0,1430089479","0,1713471522","193979,36"
1697889600000,1697975999999,1697889660000,1697912220000,"0,1747976843","0,1747976845","0,128151666","0,1443613445","220657,93"
1697803200000,1697889599999,1697830980000,1697831880000,"0,1757557676","0,1926233123","0,1614380031","0,1751245798","256847,44"
1697716800000,1697803199999,1697802900000,1697723220000,"0,1515495145","0,1757584627","0,1473137342","0,1757389529","203480,57"
1697544000000,1697630399999,1697621460000,1697571240000,"0,1176054077","0,1328316125","0,1137050588","0,1325207888","241327,43"
1697457600000,1697543999999,1697539800000,1697472240000,"0,09878631617","0,126190589","0,0947399234","0,1176054077","233205,87"
1697371200000,1697457599999,1697436120000,1697386500000,"0,07928471054","0,11289067","0,07245161779","0,09876417263","257906,92"
1697284800000,1697371199999,1697369640000,1697284860000,"0,07030853986","0,07932969742","0,07029423219","0,07928180629","184204,49"
1697198400000,1697284799999,1697232060000,1697198700000,"0,06679679421","0,07773709653","0,0667854228","0,07031256368","188488,49"
1697112000000,1697198399999,1697198220000,1697171280000,"0,06065486837","0,06679274934","0,05728460344","0,06678713127","178736,59"
1697025600000,1697111999999,1697104800000,1697055960000,"0,04252858411","0,07520933567","0,04209389798","0,06064962372","192144,79"
1696939200000,1697025599999,1696950060000,1697012700000,"0,04866509348","0,04917163134","0,04004942565","0,04252944258","243859,39"
1696852800000,1696939199999,1696872240000,1696900500000,"0,05775446451","0,0578757192","0,04746704147","0,04862149326","275416,3"
1696766400000,1696852799999,1696819620000,1696809480000,"0,05736713451","0,06090062816","0,05702081263","0,05775290408","291233,48"
1696680000000,1696766399999,1696687980000,1696726200000,"0,05823139196","0,05846607358","0,05566391552","0,05735522722","341489,08"
1696593600000,1696679999999,1696657140000,1696616520000,"0,05626647026","0,05876639616","0,05580589191","0,05822970763","673182,29"
1696507200000,1696593599999,1696556280000,1696516440000,"0,05593841071","0,05835900246","0,0529498072","0,05626703557","570420,78"
1696420800000,1696507199999,1696424220000,1696463700000,"0,0665041099","0,06800786896","0,05014820372","0,05593013019","584876,84"
1696334400000,1696420799999,1696349100000,1696401480000,"0,06809482995","0,07512374621","0,06175471359","0,06649758644","638618,78"
1696248000000,1696334399999,1696304640000,1696290600000,"0,07162312138","0,0718257726","0,06488593553","0,06810331933","557343,51"
1696161600000,1696247999999,1696237980000,1696173960000,"0,07128555228","0,07689922093","0,06421398551","0,07162604804","595946,93"
1696075200000,1696161599999,1696075860000,1696129140000,"0,08281943175","0,08591954495","0,06625886357","0,07129279251","496155,47"
1695988800000,1696075199999,1696038480000,1696004040000,"0,0692284937","0,09231589524","0,06742777586","0,08317222185","636096,26"
1695902400000,1695988799999,1695980760000,1695935220000,"0,07339947362","0,08031308423","0,05306320645","0,06923435007","686623,52"